App,Category,Price,Installs,Revenue
Minecraft,FAMILY,6.99,10000000,69900000.0
Minecraft,FAMILY,6.99,10000000,69900000.0
I am rich,LIFESTYLE,399.99,100000,39999000.0
I Am Rich Premium,FINANCE,399.99,50000,19999500.0
Hitman Sniper,GAME,0.99,10000000,9900000.0
Grand Theft Auto: San Andreas,GAME,6.99,1000000,6990000.0
Facetune - For Free,PHOTOGRAPHY,5.99,1000000,5990000.0
Sleep as Android Unlock,LIFESTYLE,5.99,1000000,5990000.0
DraStic DS Emulator,GAME,4.99,1000000,4990000.0
I'm Rich - Trump Edition,LIFESTYLE,400.0,10000,4000000.0
I am Rich Plus,FAMILY,399.99,10000,3999900.0
üíé I'm rich,LIFESTYLE,399.99,10000,3999900.0
I Am Rich,FAMILY,389.99,10000,3899900.0
I am rich VIP,LIFESTYLE,299.99,10000,2999900.0
Weather Live,WEATHER,5.99,500000,2995000.0
Bloons TD 5,FAMILY,2.99,1000000,2990000.0
Threema,COMMUNICATION,2.99,1000000,2990000.0
Card Wars - Adventure Time,FAMILY,2.99,1000000,2990000.0
Tasker,TOOLS,2.99,1000000,2990000.0
Five Nights at Freddy's,GAME,2.99,1000000,2990000.0
Human Anatomy Atlas 2018: Complete 3D Human Body,MEDICAL,24.99,100000,2499000.0
Human Anatomy Atlas 2018: Complete 3D Human Body,MEDICAL,24.99,100000,2499000.0
NBA JAM by EA SPORTS‚Ñ¢,FAMILY,4.99,500000,2495000.0
Beautiful Widgets Pro,PERSONALIZATION,2.49,1000000,2490000.0
I am rich(premium),FINANCE,399.99,5000,1999950.0
I am Rich,FINANCE,399.99,5000,1999950.0
I Am Rich Pro,FAMILY,399.99,5000,1999950.0
Toca Life: City,EDUCATION,3.99,500000,1995000.0
Toca Life: City,FAMILY,3.99,500000,1995000.0
True Skate,SPORTS,1.99,1000000,1990000.0
Where's My Water?,FAMILY,1.99,1000000,1990000.0
Golfshot Plus: Golf GPS,SPORTS,29.99,50000,1499500.0
DRAGON QUEST VI,FAMILY,14.99,100000,1499000.0
Farming Simulator 16,FAMILY,2.99,500000,1495000.0
Five Nights at Freddy's 2,FAMILY,2.99,500000,1495000.0
Cameringo+ Filters Camera,PHOTOGRAPHY,2.99,500000,1495000.0
ES File Explorer/Manager PRO,PRODUCTIVITY,2.99,500000,1495000.0
FINAL FANTASY DIMENSIONS,FAMILY,13.99,100000,1399000.0
ADWLauncher 1 EX,PERSONALIZATION,2.49,500000,1245000.0
BackCountry Navigator TOPO GPS PRO,MAPS_AND_NAVIGATION,11.99,100000,1199000.0
DRAGON QUEST VIII,FAMILY,19.99,50000,999499.9999999999
Star Wars ‚Ñ¢: DIRTY,GAME,9.99,100000,999000.0
Baldur's Gate: Enhanced Edition,FAMILY,9.99,100000,999000.0
XCOM¬Æ: Enemy Within,FAMILY,9.99,100000,999000.0
CHRONO TRIGGER (Upgrade Ver.),FAMILY,9.99,100000,999000.0
CamScanner (License),PRODUCTIVITY,1.99,500000,995000.0
Assassin's Creed Identity,GAME,1.99,500000,995000.0
HD Widgets,PERSONALIZATION,0.99,1000000,990000.0
Stickman Legends: Shadow Wars,GAME,0.99,1000000,990000.0
League of Stickman 2018- Ninja Arena PVP(Dreamsky),GAME,0.99,1000000,990000.0
Lost Journey (Dreamsky),GAME,0.99,1000000,990000.0
Cut the Rope GOLD,FAMILY,0.99,1000000,990000.0
Fruit Ninja Classic,GAME,0.99,1000000,990000.0
Infinity Dungeon VIP,FAMILY,0.99,1000000,990000.0
HD Widgets,PERSONALIZATION,0.99,1000000,990000.0
Zombie Avengers:(Dreamsky)Stickman War Z,GAME,0.99,1000000,990000.0
Monash Uni Low FODMAP Diet,MEDICAL,9.0,100000,900000.0
Maps & GPS Navigation OsmAnd+,TRAVEL_AND_LOCAL,8.99,100000,899000.0
Football Manager Mobile 2018,SPORTS,8.99,100000,899000.0
FINAL FANTASY V,FAMILY,7.99,100000,799000.0
Call of Duty:Black Ops Zombies,GAME,6.99,100000,699000.0
Essential Anatomy 3,MEDICAL,11.99,50000,599500.0
aCalendar+ Calendar & Tasks,PRODUCTIVITY,5.99,100000,599000.0
RollerCoaster Tycoon¬Æ Classic,GAME,5.99,100000,599000.0
Baldur's Gate II,FAMILY,9.99,50000,499500.0
CM Launcher 3D Proüíé,PERSONALIZATION,4.99,100000,499000.0
LEGO ¬Æ Batman: Beyond Gotham,FAMILY,4.99,100000,499000.0
Don't Starve: Pocket Edition,GAME,4.99,100000,499000.0
The House of Da Vinci,FAMILY,4.99,100000,499000.0
Tiny Scanner Pro: PDF Doc Scan,BUSINESS,4.99,100000,499000.0
F-Sim Space Shuttle,FAMILY,4.99,100000,499000.0
Day R Premium,FAMILY,4.99,100000,499000.0
TurboScan: scan documents and receipts in PDF,BUSINESS,4.99,100000,499000.0
Business Calendar Pro,PRODUCTIVITY,4.99,100000,499000.0
Monument Valley 2,GAME,4.99,100000,499000.0
The Room: Old Sins,GAME,4.99,100000,499000.0
My Talking Pet,ENTERTAINMENT,4.99,100000,499000.0
The Escapists,GAME,4.99,100000,499000.0
Farming Simulator 18,GAME,4.99,100000,499000.0
Hitman GO,FAMILY,0.99,500000,495000.0
Smart Launcher Pro 3,PERSONALIZATION,4.49,100000,449000.0
QR Code Pro,PRODUCTIVITY,4.49,100000,449000.0
Weather Live Pro,WEATHER,4.49,100000,449000.0
ai.type keyboard Plus + Emoji,TOOLS,4.49,100000,449000.0
I am Rich!,FINANCE,399.99,1000,399990.0
I am rich (Most expensive app),FINANCE,399.99,1000,399990.0
I AM RICH PRO PLUS,FINANCE,399.99,1000,399990.0
ExDialer PRO Key,COMMUNICATION,3.99,100000,399000.0
Toca Life: Hospital,EDUCATION,3.99,100000,399000.0
Toca Builders,FAMILY,3.99,100000,399000.0
Battery HD Pro,TOOLS,3.99,100000,399000.0
Puffin Browser Pro,COMMUNICATION,3.99,100000,399000.0
Weather Forecast Pro,WEATHER,3.99,100000,399000.0
Teeny Titans - Teen Titans Go!,FAMILY,3.99,100000,399000.0
Superbrothers Sword & Sworcery,GAME,3.99,100000,399000.0
Camera FV-5,PHOTOGRAPHY,3.95,100000,395000.0
Camera FV-5,PHOTOGRAPHY,3.95,100000,395000.0
I am extremely Rich,LIFESTYLE,379.99,1000,379990.0
Kernel Manager for Franco Kernel ‚ú®,TOOLS,3.49,100000,349000.0
Tools & Mi Band,HEALTH_AND_FITNESS,3.49,100000,349000.0
BSPlayer,VIDEO_PLAYERS,5.99,50000,299500.0
The Game of Life,GAME,2.99,100000,299000.0
Attack the Light,FAMILY,2.99,100000,299000.0
Dr. Panda Restaurant 2,FAMILY,2.99,100000,299000.0
Meme Generator,ENTERTAINMENT,2.99,100000,299000.0
Guns'n'Glory WW2 Premium,FAMILY,2.99,100000,299000.0
Pocket Yoga,HEALTH_AND_FITNESS,2.99,100000,299000.0
My Budget Book,FINANCE,2.99,100000,299000.0
DRAGON QUEST,FAMILY,2.99,100000,299000.0
Relax Melodies P: Sleep Sounds,HEALTH_AND_FITNESS,2.99,100000,299000.0
Mind Games Pro,FAMILY,2.99,100000,299000.0
The Hunt for the Lost Treasure,FAMILY,2.99,100000,299000.0
Skip-Bo‚Ñ¢,GAME,2.99,100000,299000.0
N Launcher Pro - Nougat 7.0,PERSONALIZATION,2.99,100000,299000.0
Riptide GP: Renegade,GAME,2.99,100000,299000.0
Guns'n'Glory Premium,FAMILY,2.99,100000,299000.0
CN Superstar Soccer: Goal!!!,FAMILY,2.99,100000,299000.0
The Game of Life,GAME,2.99,100000,299000.0
Five Nights at Freddy's 4,GAME,2.99,100000,299000.0
Weather & Radar Pro - Ad-Free,WEATHER,2.99,100000,299000.0
Lapse It ‚Ä¢ Time Lapse ‚Ä¢ Pro,PHOTOGRAPHY,2.99,100000,299000.0
Sonic 4‚Ñ¢ Episode I,GAME,2.99,100000,299000.0
Solitaire+,GAME,2.99,100000,299000.0
Five Nights at Freddy's: SL,GAME,2.99,100000,299000.0
Five Nights at Freddy's 3,GAME,2.99,100000,299000.0
WiFi Tether Router,COMMUNICATION,2.9,100000,290000.0
"Muscle Premium - Human Anatomy, Kinesiology, Bones",MEDICAL,24.99,10000,249899.99999999997
Battleheart Legacy,FAMILY,4.99,50000,249500.0
Paprika Recipe Manager,FOOD_AND_DRINK,4.99,50000,249500.0
Learn Italian with MosaLingua,FAMILY,4.99,50000,249500.0
Adventure Time Game Wizard,GAME,4.99,50000,249500.0
Shadow Fight 2 Special Edition,GAME,4.99,50000,249500.0
Baby Connect (activity log),PARENTING,4.99,50000,249500.0
LEGO Batman: DC Super Heroes,FAMILY,4.99,50000,249500.0
BusyBox Pro,TOOLS,2.49,100000,249000.00000000003
Elemental Knights R Platinum,FAMILY,4.77,50000,238499.99999999997
Menstrual Calendar Premium,MEDICAL,3.99,50000,199500.0
Mike V: Skateboard Party PRO,SPORTS,3.99,50000,199500.0
Dr. Panda & Toto's Treehouse,FAMILY,3.99,50000,199500.0
Dr. Panda & Toto's Treehouse,FAMILY,3.99,50000,199500.0
R-TYPE,GAME,1.99,100000,199000.0
Cytus II,GAME,1.99,100000,199000.0
Clue,GAME,1.99,100000,199000.0
Dr. Panda's Swimming Pool,FAMILY,1.99,100000,199000.0
Pujie Black Watch Face for Android Wear OS,PERSONALIZATION,1.99,100000,199000.0
I am Rich Premium Plus,FINANCE,18.99,10000,189899.99999999997
The World Ends With You,GAME,17.99,10000,179899.99999999997
Trine 2: Complete Story,GAME,16.99,10000,169899.99999999997
DRAGON QUEST IV,FAMILY,14.99,10000,149900.0
DRAGON QUEST V,FAMILY,14.99,10000,149900.0
Z Origins - (Z The Game),FAMILY,2.99,50000,149500.0
Advanced Download Manager Pro,TOOLS,2.99,50000,149500.0
Organizer,PRODUCTIVITY,2.99,50000,149500.0
FlashLight HD LED Pro,TOOLS,2.99,50000,149500.0
Dr. Panda Art Class,FAMILY,2.99,50000,149500.0
cronometer (ad free),HEALTH_AND_FITNESS,2.99,50000,149500.0
C4droid - C/C++ compiler & IDE,FAMILY,2.99,50000,149500.0
Muscle Trigger Point Anatomy,MEDICAL,2.99,50000,149500.0
Dr. Panda Hospital,FAMILY,2.99,50000,149500.0
Dr. Panda Supermarket,FAMILY,2.99,50000,149500.0
Out There Chronicles - Ep. 1,FAMILY,2.99,50000,149500.0
BlackCam Pro - B&W Camera,PHOTOGRAPHY,1.49,100000,149000.0
X Construction,FAMILY,1.49,100000,149000.0
Carrier Landings Pro,FAMILY,12.99,10000,129900.0
Navigator PRO - GPS Navigation with Offline Maps,TRAVEL_AND_LOCAL,2.49,50000,124500.00000000001
Day Night Live Wallpaper (All),PERSONALIZATION,2.49,50000,124500.00000000001
EMT Review Plus,MEDICAL,11.99,10000,119900.0
Paramedic Protocol Provider,MEDICAL,10.0,10000,100000.0
BIG Launcher,PERSONALIZATION,9.99,10000,99900.0
ASCCP Mobile,MEDICAL,9.99,10000,99900.0
DRAGON QUEST III,FAMILY,9.99,10000,99900.0
Lullaby Add-on for Sleep as Android,HEALTH_AND_FITNESS,1.99,50000,99500.0
R-TYPE II,GAME,1.99,50000,99500.0
Daily Ab Workout,HEALTH_AND_FITNESS,1.99,50000,99500.0
Ulysse Speedometer Pro,AUTO_AND_VEHICLES,1.99,50000,99500.0
BeFunky Photo Editor Pro,PHOTOGRAPHY,1.99,50000,99500.0
AJ Jump: Animal Jam Kangaroos!,GAME,1.99,50000,99500.0
Koi Live Wallpaper,PERSONALIZATION,0.99,100000,99000.0
Deus Ex GO,FAMILY,0.99,100000,99000.0
Ski Safari: Adventure Time,FAMILY,0.99,100000,99000.0
Mupen64Plus AE (N64 Emulator),GAME,0.99,100000,99000.0
ZOOKEEPER DX TouchEdition,FAMILY,0.99,100000,99000.0
Vargo Anesthesia Mega App,MEDICAL,79.99,1000,79990.0
My Movies Pro - Movie & TV Collection Library,LIFESTYLE,7.99,10000,79900.0
Backgammon NJ for Android,GAME,7.99,10000,79900.0
Acupuncture Assistant,MEDICAL,7.99,10000,79900.0
AnatomyMapp,MEDICAL,14.99,5000,74950.0
G-NetTrack Pro,TOOLS,14.99,5000,74950.0
Inventory & Barcode scanner & WIFI scanner,PRODUCTIVITY,1.49,50000,74500.0
Journal Club: Medicine,MEDICAL,6.99,10000,69900.0
The EO Bar,HEALTH_AND_FITNESS,6.99,10000,69900.0
Campervan.Guide Pro,TRAVEL_AND_LOCAL,5.99,10000,59900.0
Pedi STAT,MEDICAL,5.49,10000,54900.0
"Please, Don't Touch Anything",FAMILY,4.99,10000,49900.0
Don't Starve: Shipwrecked,GAME,4.99,10000,49900.0
PAC-MAN CE DX,GAME,4.99,10000,49900.0
LEGO¬Æ Friends,FAMILY,4.99,10000,49900.0
THE aMAZEing Labyrinth,FAMILY,4.99,10000,49900.0
Absolute RC Heli Simulator,SPORTS,4.99,10000,49900.0
Oddworld: New 'n' Tasty,GAME,4.99,10000,49900.0
iCam - Webcam Video Streaming,TOOLS,4.99,10000,49900.0
I am Bread,GAME,4.99,10000,49900.0
F-Stop Gallery Pro,PHOTOGRAPHY,4.99,10000,49900.0
DRAGON QUEST II,FAMILY,4.99,10000,49900.0
K-@ Mail Pro - Email App,COMMUNICATION,4.99,10000,49900.0
Mental Hospital V,GAME,0.99,50000,49500.0
Dots puzzle,FAMILY,0.99,50000,49500.0
Device Info Ex Live Wallpaper,PERSONALIZATION,0.99,50000,49500.0
Al'Quran Bahasa Indonesia PRO,BOOKS_AND_REFERENCE,4.49,10000,44900.0
most expensive app (H),FAMILY,399.99,100,39999.0
Myth Defense 2: DF Platinum,FAMILY,3.99,10000,39900.0
Dr. Seuss's ABC,FAMILY,3.99,10000,39900.0
Dirt Trackin Sprint Cars,GAME,3.99,10000,39900.0
Teen Titans GO Figure!,FAMILY,3.99,10000,39900.0
EMT Tutor NREMT-B Study Guide,MEDICAL,3.99,10000,39900.0
Meditation Studio,HEALTH_AND_FITNESS,3.99,10000,39900.0
"Moco+ - Chat, Meet People",DATING,3.99,10000,39900.0
Sago Mini Babies,FAMILY,3.99,10000,39900.0
"Moco+ - Chat, Meet People",DATING,3.99,10000,39900.0
Age of Conquest: N. America,FAMILY,3.99,10000,39900.0
My Little Work ‚Äì Garage,FAMILY,3.99,10000,39900.0
Automagic * Automation,TOOLS,3.9,10000,39000.0
I am Rich Person,LIFESTYLE,37.99,1000,37990.0
New York Mysteries (Full),GAME,6.99,5000,34950.0
Prime Key for Nougat Launcher& O Launcher &KitKat,PERSONALIZATION,6.99,5000,34950.0
My CookBook Pro (Ad Free),FOOD_AND_DRINK,3.49,10000,34900.0
A Manual of Acupuncture,MEDICAL,33.99,1000,33990.0
Deep Sleep Battery Saver Pro,TOOLS,3.28,10000,32800.0
PTA Content Master,MEDICAL,29.99,1000,29990.0
EMT PASS,MEDICAL,29.99,1000,29990.0
Please Don't Touch Anything 3D,FAMILY,5.99,5000,29950.0
Medical ID - In Case of Emergency (ICE),MEDICAL,5.99,5000,29950.0
Vpn Hosts (ad blocker & no root & support ipv6 ),TOOLS,2.99,10000,29900.000000000004
Bixby Button Remapper - bxActions Pro / Coffee,TOOLS,2.99,10000,29900.000000000004
Ray Financial Calculator Pro,FINANCE,2.99,10000,29900.000000000004
Paris ci la Sortie du M√©tro,MAPS_AND_NAVIGATION,2.99,10000,29900.000000000004
MyRadar NOAA Weather Radar Ad Free,WEATHER,2.99,10000,29900.000000000004
RAM Cleanup Ad-Free Option,TOOLS,2.99,10000,29900.000000000004
Theatre of the Absurd CE(Full),FAMILY,2.99,10000,29900.000000000004
Morse Trainer for Ham Radio,COMMUNICATION,2.99,10000,29900.000000000004
Guns'n'Glory Heroes Premium,FAMILY,2.99,10000,29900.000000000004
Penny Finder,SHOPPING,2.99,10000,29900.000000000004
Smart Wi-Fi Hotspot PRO,COMMUNICATION,2.99,10000,29900.000000000004
I Can't Wake Up!,TOOLS,2.99,10000,29900.000000000004
Nighty Night Circus,FAMILY,2.99,10000,29900.000000000004
Retro City Rampage DX,GAME,2.99,10000,29900.000000000004
C Locker Pro,PERSONALIZATION,2.99,10000,29900.000000000004
Sokoban Land DX,FAMILY,2.99,10000,29900.000000000004
Formula Cartoon All Stars,FAMILY,2.99,10000,29900.000000000004
King of Math,FAMILY,2.99,10000,29900.000000000004
Peppa Pig: Party Time,FAMILY,2.99,10000,29900.000000000004
Best Park in the Universe,GAME,2.99,10000,29900.000000000004
Flipped Out! - Powerpuff Girls,FAMILY,2.99,10000,29900.000000000004
Dr. Panda Farm,FAMILY,2.99,10000,29900.000000000004
Tsuro - The Game of the Path,FAMILY,2.99,10000,29900.000000000004
Lab Values + Medical Reference,MEDICAL,2.99,10000,29900.000000000004
CM FILE MANAGER Pro,BUSINESS,2.99,10000,29900.000000000004
IBM Micromedex Drug Info,MEDICAL,2.99,10000,29900.000000000004
Pocket Lab Values,MEDICAL,2.99,10000,29900.000000000004
Silence Premium Do Not Disturb,TOOLS,2.95,10000,29500.0
Battery Notifier Pro BT,TOOLS,2.59,10000,25900.0
ZArchiver Donate,TOOLS,2.5,10000,25000.0
Morse Decoder for Ham Radio,COMMUNICATION,4.99,5000,24950.0
Chess and Mate,FAMILY,4.99,5000,24950.0
Advanced EX for RENAULT,TOOLS,4.99,5000,24950.0
Advanced EX for NISSAN,TOOLS,4.99,5000,24950.0
Advanced EX for KIA,TOOLS,4.99,5000,24950.0
Advanced EX for HYUNDAI,TOOLS,4.99,5000,24950.0
G Cloud Apps Backup Key * root,TOOLS,4.99,5000,24950.0
Advanced EX for FIAT,TOOLS,4.99,5000,24950.0
Gunship III Vietnam People AF,FAMILY,4.99,5000,24950.0
Steam: Rails to Riches,FAMILY,4.99,5000,24950.0
Alarmy (Sleep If U Can) - Pro,LIFESTYLE,2.49,10000,24900.000000000004
Detect-O-Gromit (D.O.G 2),FAMILY,2.49,10000,24900.000000000004
Officiel du SCRABBLE LAROUSSE,BOOKS_AND_REFERENCE,4.6,5000,23000.0
Writing Wizard Premium - Handwriting,FAMILY,4.49,5000,22450.0
NewTek NDI,PHOTOGRAPHY,19.99,1000,19990.0
Hospitalist Handbook,MEDICAL,19.99,1000,19990.0
MommyMeds,MEDICAL,3.99,5000,19950.0
Manage My Pain Pro,MEDICAL,3.99,5000,19950.0
With Helper Pro Pill Reminder,MEDICAL,3.99,5000,19950.0
Breathing Zone,MEDICAL,3.99,5000,19950.0
EMT Study - NREMT Test Prep,MEDICAL,3.99,5000,19950.0
Toca Mystery House,FAMILY,3.99,5000,19950.0
Pocket RxTx Pro,PRODUCTIVITY,3.99,5000,19950.0
Kicker U,LIFESTYLE,3.99,5000,19950.0
"Ultimate Public Campgrounds (Over 37,100 in US&CA)",TRAVEL_AND_LOCAL,3.99,5000,19950.0
weather HD,PERSONALIZATION,1.99,10000,19900.0
tTorrent - ad free,VIDEO_PLAYERS,1.99,10000,19900.0
XE Currency Pro,TRAVEL_AND_LOCAL,1.99,10000,19900.0
Paramedic Meds,MEDICAL,1.99,10000,19900.0
FVD Ad-Free,TOOLS,1.99,10000,19900.0
X Home Bar - Home Bar Gesture Pro,TOOLS,1.99,10000,19900.0
Rockstars of Ooo,FAMILY,1.99,10000,19900.0
Power Widget,TOOLS,1.99,10000,19900.0
MEGA MAN MOBILE,GAME,1.99,10000,19900.0
X Launcher Pro - IOS Style Theme & Control Center,ART_AND_DESIGN,1.99,10000,19900.0
Swift Dark CM / CM13 Theme,PERSONALIZATION,1.99,10000,19900.0
MultiPicture Live Wallpaper dn,PERSONALIZATION,1.99,10000,19900.0
FiSwitch,TOOLS,1.99,10000,19900.0
LightMeter (noAds),PHOTOGRAPHY,1.99,10000,19900.0
Stand O‚ÄôFood¬Æ (Full),FAMILY,1.99,10000,19900.0
Trazado de tuberia El Tubero,TOOLS,1.97,10000,19700.0
boattheory.ch Full 2018,FAMILY,19.4,1000,19400.0
2017 EMRA Antibiotic Guide,MEDICAL,16.99,1000,16990.0
Math games for kids : times tables training,FAMILY,1.59,10000,15900.0
Interactive CT and MRI Anatomy,MEDICAL,15.46,1000,15460.0
Block Buddy,MEDICAL,14.99,1000,14990.0
Electrician Calculator Pro,TOOLS,14.99,1000,14990.0
Whoowasit? - Best kids game!,FAMILY,2.99,5000,14950.000000000002
Hunt Buddy BC,SPORTS,2.99,5000,14950.000000000002
Board Game Stats: Play tracking for tabletop games,LIFESTYLE,2.99,5000,14950.000000000002
DC Metro Transit,TRAVEL_AND_LOCAL,2.99,5000,14950.000000000002
Tetrobot and Co.,FAMILY,2.99,5000,14950.000000000002
Calcium Pro,MEDICAL,2.99,5000,14950.000000000002
Ai-Ball AV Recorder,PHOTOGRAPHY,2.99,5000,14950.000000000002
My Little Princess : Stores,FAMILY,2.99,5000,14950.000000000002
Don't Panic with Andrew J.,BOOKS_AND_REFERENCE,2.99,5000,14950.000000000002
Guns'n'Glory Zombies Premium,FAMILY,2.99,5000,14950.000000000002
Flud (Ad free),VIDEO_PLAYERS,1.49,10000,14900.0
Train Sim Pro,FAMILY,1.49,10000,14900.0
Visual Anatomy 2,MEDICAL,2.49,5000,12450.000000000002
I am Millionaire - Richest guy in the town,LIFESTYLE,2.49,5000,12450.000000000002
"sugar, sugar",FAMILY,1.2,10000,12000.0
CCHT PREP,MEDICAL,10.99,1000,10990.0
RPG „Éñ„É¨„Ç§„Ç∏„É≥„Ç∞ „ÇΩ„Ç¶„É´„Ç∫ „Ç¢„ÇØ„Çª„É¨„Ç§„Éà,FAMILY,10.99,1000,10990.0
go41cx,FAMILY,10.0,1000,10000.0
Pocket AC,PHOTOGRAPHY,9.99,1000,9990.0
InfantRisk Center HCP,MEDICAL,9.99,1000,9990.0
Critical Care Paramedic Review,MEDICAL,9.99,1000,9990.0
Diabetes & Diet Tracker,MEDICAL,9.99,1000,9990.0
"X Launcher Pro: PhoneX Theme, OS11 Control Center",ART_AND_DESIGN,1.99,5000,9950.0
Ghouls'n Ghosts MOBILE,GAME,1.99,5000,9950.0
FL Racing Manager 2018 Pro,SPORTS,1.99,5000,9950.0
The Artificial Intelligence Project (A.I. Chat),FAMILY,1.99,5000,9950.0
Smart Launcher theme b. gold,PERSONALIZATION,1.99,5000,9950.0
Basketball Dynasty Manager 16,SPORTS,1.99,5000,9950.0
H*nest Meditation,LIFESTYLE,1.99,5000,9950.0
Jurassic Life: T Rex Simulator,FAMILY,0.99,10000,9900.0
Light X - Icon Pack,PERSONALIZATION,0.99,10000,9900.0
X Back - Icon Pack,PERSONALIZATION,0.99,10000,9900.0
Planet O - Icon Pack,PERSONALIZATION,0.99,10000,9900.0
Volume Slider Like Android P Volume Control,TOOLS,0.99,10000,9900.0
Ghosts'n Goblins MOBILE,GAME,0.99,10000,9900.0
Neon Glow C - Icon Pack,PERSONALIZATION,0.99,10000,9900.0
El Chavo,FAMILY,0.99,10000,9900.0
EU Flags Live Wallpaper,PERSONALIZATION,0.99,10000,9900.0
European War 6: 1804,FAMILY,0.99,10000,9900.0
iBP Blood Pressure,MEDICAL,0.99,10000,9900.0
Portable Wi-Fi hotspot Premium,COMMUNICATION,0.99,10000,9900.0
Kairo XP (for HD Widgets),PERSONALIZATION,0.99,10000,9900.0
BringGo AU & NZ,MAPS_AND_NAVIGATION,0.99,10000,9900.0
Ultimate Watch 2 watch face,PERSONALIZATION,0.99,10000,9900.0
SkyTest BU/GU Lite,BUSINESS,17.99,500,8995.0
Greater London A-Z 2016,TRAVEL_AND_LOCAL,8.49,1000,8490.0
Navi Radiography Pro,MEDICAL,15.99,500,7995.0
Fast Tract Diet,HEALTH_AND_FITNESS,7.99,1000,7990.0
Police Field Interview FI Card,PRODUCTIVITY,7.99,1000,7990.0
Recognise Foot,MEDICAL,7.49,1000,7490.0
Children Educational Game Full,FAMILY,7.49,1000,7490.0
Pixel Oreo/P Dark White AMOLED UI - Icon Pack,PERSONALIZATION,1.49,5000,7450.0
TV Guide BR Gold,FAMILY,1.49,5000,7450.0
Remote EX for NISSAN,COMMUNICATION,1.49,5000,7450.0
Calculator,DATING,6.99,1000,6990.0
Florida Tides & Weather,WEATHER,6.99,1000,6990.0
The Legacy (Full),GAME,6.99,1000,6990.0
CZ-Cyberon Voice Commander,TOOLS,5.99,1000,5990.0
Fuzzy Numbers: Pre-K Number Foundation,EDUCATION,5.99,1000,5990.0
OptoDrum,MEDICAL,5.99,1000,5990.0
Fuzzy Numbers: Pre-K Number Foundation,FAMILY,5.99,1000,5990.0
bpresso PRO,MEDICAL,5.49,1000,5490.0
Wi-Fi Rabbit Unlock Key,TOOLS,1.0,5000,5000.0
PORTABLE SOCCER DX,SPORTS,1.0,5000,5000.0
Lanterns: The Harvest Festival,FAMILY,4.99,1000,4990.0
OmniMedix Medical Calculator,MEDICAL,4.99,1000,4990.0
Traps n' Gemstones,GAME,4.99,1000,4990.0
Penny Puss,TOOLS,4.99,1000,4990.0
Lollipop Launcher Plus,PERSONALIZATION,4.99,1000,4990.0
Advanced EX for MITSUBISHI,TOOLS,4.99,1000,4990.0
ERres- Emergency Medicine,MEDICAL,4.99,1000,4990.0
"Super Resume Builder Pro, CV",BUSINESS,4.99,1000,4990.0
Lunar Calendar,LIFESTYLE,4.99,1000,4990.0
Dr. McDougall Mobile Cookbook,HEALTH_AND_FITNESS,4.99,1000,4990.0
S Launcher Pro for Galaxy,PERSONALIZATION,4.99,1000,4990.0
The Secret Daily Teachings,LIFESTYLE,4.99,1000,4990.0
AG Subway Simulator Mobile,FAMILY,0.99,5000,4950.0
Poker Equity Calculator Pro for No Limit Hold'em,GAME,0.99,5000,4950.0
X-Plane to GPS,TOOLS,0.99,5000,4950.0
Morse Machine for Ham Radio,COMMUNICATION,0.99,5000,4950.0
WhatsFake Pro (Ad free),SOCIAL,0.99,5000,4950.0
FL Racing Manager 2015 Pro,SPORTS,0.99,5000,4950.0
"Q Alerts: QAnon Drop Notifications, Research +++",NEWS_AND_MAGAZINES,0.99,5000,4950.0
palmPEDi: Pediatric Tape,MEDICAL,0.99,5000,4950.0
A41 WatchFace for Android Wear Smart Watch,LIFESTYLE,0.99,5000,4950.0
Droid PRoCon BF3,TOOLS,0.99,5000,4950.0
Go,PERSONALIZATION,0.99,5000,4950.0
R Instructor,FAMILY,4.84,1000,4840.0
ACCDB MDB DB Manager Pro - Editor for MS Access,PRODUCTIVITY,8.99,500,4495.0
iHunter BC,SPORTS,4.49,1000,4490.0
myGrow,PRODUCTIVITY,4.29,1000,4290.0
LTC AS Legal,MEDICAL,39.99,100,3999.0
"End Anxiety Pro - Stress, Panic Attack Help",MEDICAL,3.99,1000,3990.0
"Decibel X PRO - Sound Meter dBA, Noise Detector",TOOLS,3.99,1000,3990.0
ASRA Coags,MEDICAL,3.99,1000,3990.0
ONScripter Plus (Ad Free),GAME,3.99,1000,3990.0
EM Launcher Pro,PERSONALIZATION,3.99,1000,3990.0
Sago Mini Big City,FAMILY,3.99,1000,3990.0
Sago Mini Hat Maker,EDUCATION,3.99,1000,3990.0
VeinSeek,MEDICAL,3.99,1000,3990.0
Ba Financial Calculator plus,FINANCE,3.99,1000,3990.0
BZ Reminder PRO,BUSINESS,3.99,1000,3990.0
iFish BC,SPORTS,3.99,1000,3990.0
BW-Go,GAME,3.49,1000,3490.0
17th Edition Cable Sizer,BOOKS_AND_REFERENCE,3.08,1000,3080.0
BG Monitor Diabetes Pro,MEDICAL,5.99,500,2995.0
Fodbold DK Pro,SPORTS,2.99,1000,2990.0
"Talkie Pro - Wi-Fi Calling, Chats, File Sharing",COMMUNICATION,2.99,1000,2990.0
Out There Chronicles - Ep. 2,FAMILY,2.99,1000,2990.0
Medical terms (OFFLINE),MEDICAL,2.99,1000,2990.0
WiFi Monitor Pro - analyzer of Wi-Fi networks,TOOLS,2.99,1000,2990.0
m>notes notepad,PRODUCTIVITY,2.99,1000,2990.0
Hactar Go,FAMILY,2.99,1000,2990.0
"Alizay, pirate girl",FAMILY,2.99,1000,2990.0
Basket Manager 2018 Pro,SPORTS,2.99,1000,2990.0
AP Government Review,FAMILY,2.99,1000,2990.0
Avokiddo Emotions,FAMILY,2.99,1000,2990.0
Depths of Betrayal CE (Full),FAMILY,2.99,1000,2990.0
AI Draw | Art Filter for Selfie,PHOTOGRAPHY,2.99,1000,2990.0
Beck & Bo: Toddler First Words,FAMILY,2.99,1000,2990.0
Bo's School Day,FAMILY,2.99,1000,2990.0
YouCamp EU,TRAVEL_AND_LOCAL,2.56,1000,2560.0
TI-Nspire CX Calculator Manual,FAMILY,4.99,500,2495.0
"AG Contacts, Premium edition",COMMUNICATION,4.99,500,2495.0
Dark Infusion Substratum Theme for Android N & O,PERSONALIZATION,2.49,1000,2490.0
Koch Morse Trainer Pro,COMMUNICATION,2.49,1000,2490.0
Bo's Dinnertime Story,FAMILY,2.49,1000,2490.0
Bo's Bedtime Story,FAMILY,2.49,1000,2490.0
AV Tools Pro,TOOLS,2.49,1000,2490.0
LocaToWeb - Live GPS tracking,SPORTS,2.49,1000,2490.0
Jump'N'Shoot Attack,GAME,2.49,1000,2490.0
BJ Bridge Pro 2018,GAME,4.49,500,2245.0
BatControl Pro,TOOLS,3.99,500,1995.0
Differential Dx,MEDICAL,3.99,500,1995.0
Financial Calculator BA Chien.,FINANCE,3.99,500,1995.0
Deaf - Hearing chat device H,COMMUNICATION,3.99,500,1995.0
BL PowerPoint Remote,TOOLS,3.99,500,1995.0
Dungeons and Dragons DM Tools,BOOKS_AND_REFERENCE,1.99,1000,1990.0
B-Grade Renegade,GAME,1.99,1000,1990.0
FL SW Fishing Regulations,SPORTS,1.99,1000,1990.0
Math Games for Pre-K - Grade 4,FAMILY,1.99,1000,1990.0
BA Pro Financial Calculator,FINANCE,1.99,1000,1990.0
Be Stronger,HEALTH_AND_FITNESS,1.99,1000,1990.0
Whist - Tinnitus Relief,MEDICAL,1.99,1000,1990.0
Learn Music Notes,FAMILY,1.99,1000,1990.0
WIZARD Card Game,GAME,1.99,1000,1990.0
X Launcher Prime: With OS Style Theme & No Ads,ART_AND_DESIGN,1.99,1000,1990.0
Analog Clock AW-7 PRO,TOOLS,1.99,1000,1990.0
PitchBlack S - Samsung Substratum Theme ‚ÄúFor Oreo‚Äù,PERSONALIZATION,1.99,1000,1990.0
"Migraine, Headache Diary HeadApp Pro",MEDICAL,3.49,500,1745.0
Next Launcher 3D Theme Hit-B,PERSONALIZATION,1.7,1000,1700.0
Next Launcher 3D Theme Hit-G,PERSONALIZATION,1.7,1000,1700.0
Ludo - Don't get angry,GAME,1.61,1000,1610.0
Anti Mosquito simulation,MEDICAL,1.5,1000,1500.0
Active Soccer 2 DX,SPORTS,2.99,500,1495.0
FHR 5-Tier 2.0,MEDICAL,2.99,500,1495.0
Pinkalicious Party,FAMILY,2.99,500,1495.0
DR.MEEP,FAMILY,2.99,500,1495.0
√âgalit√© et R√©conciliation,NEWS_AND_MAGAZINES,2.99,500,1495.0
G-Playlists,TOOLS,1.49,1000,1490.0
CF-Bench Pro,TOOLS,1.49,1000,1490.0
[substratum] Vacuum: P,PERSONALIZATION,1.49,1000,1490.0
Space Z üåè üöÄIcon Pack Theme,PERSONALIZATION,1.49,1000,1490.0
Blackjack Verite Drills,GAME,14.0,100,1400.0
ZombieVital DG,FAMILY,12.99,100,1299.0
"Cardiac diagnosis (heart rate, arrhythmia)",MEDICAL,12.99,100,1299.0
DS Helpdesk Plus,BUSINESS,12.99,100,1299.0
Ad Remove Plugin for App2SD,PRODUCTIVITY,1.29,1000,1290.0
Age of AI: War Strategy,FAMILY,2.49,500,1245.0
BL Holo Theme,PERSONALIZATION,2.0,500,1000.0
500 AP World History Questions,FAMILY,9.99,100,999.0
Jeppesen CR Flight Computer,MAPS_AND_NAVIGATION,9.99,100,999.0
The Great Wobo Escape Ep.1,FAMILY,1.99,500,995.0
K.MOJI,FAMILY,1.99,500,995.0
W Pro - Weather Forecast & Animated Weather Maps,WEATHER,1.99,500,995.0
EC music dictionary,TOOLS,1.99,500,995.0
Trinomial Factoring Wizard,TOOLS,0.99,1000,990.0
Basket Manager 2016 Pro,SPORTS,0.99,1000,990.0
DW Contacts widget,TOOLS,0.99,1000,990.0
SweetLand ‚Äî Family Board Game,FAMILY,0.99,1000,990.0
Color Changer Pro [root],PERSONALIZATION,0.99,1000,990.0
Basket Manager 2017 Pro,SPORTS,0.99,1000,990.0
Nightenfell: Shared AR,GAME,0.99,1000,990.0
Watch Face BW Inter,PERSONALIZATION,0.99,1000,990.0
Little Magnet BT Pro,TOOLS,0.99,1000,990.0
E.G. Chess,GAME,0.99,1000,990.0
Blood Pressure Companion,MEDICAL,0.99,1000,990.0
W-History Standalone,SOCIAL,0.99,1000,990.0
My baby firework (Remove ad),FAMILY,0.99,1000,990.0
Lock 'n' Roll Pro - Ad Free,GAME,0.99,1000,990.0
Pixxy KWGT,PERSONALIZATION,0.99,1000,990.0
Online TV CZ/SK PRO,VIDEO_PLAYERS,0.99,1000,990.0
Wolf of the BF:Commando MOBILE,GAME,0.99,1000,990.0
FAV KWGT,PERSONALIZATION,0.99,1000,990.0
Next Launcher 3D Bold-CF Theme,PERSONALIZATION,0.99,1000,990.0
"Chinese Chess 3D Online (Xiangqi, Ë±°Ê£ã, co tuong)",GAME,0.99,1000,990.0
CV-RECORD Pro,COMMUNICATION,0.99,1000,990.0
My Virtual Boyfriend,FAMILY,0.99,1000,990.0
F05WatchFace for Android Wear,PRODUCTIVITY,0.99,1000,990.0
CE Map - Interactive Conan Exiles Map,MAPS_AND_NAVIGATION,0.99,1000,990.0
AMBW Dating App: Asian Men Black Women Interracial,DATING,7.99,100,799.0
AP Themes for Kustom/KLWP,PERSONALIZATION,1.49,500,745.0
Arto: f.infrared photo,PHOTOGRAPHY,1.49,500,745.0
Dialer theme G Black Gold,PERSONALIZATION,1.49,500,745.0
Theme Android P Design for LG V30,PERSONALIZATION,1.49,500,745.0
"G Theme 2 for LG V30, LG G6",PERSONALIZATION,1.49,500,745.0
Radiological Anatomy For FRCR1,MEDICAL,6.99,100,699.0
Ad Removal: thereisonlywe,PRODUCTIVITY,6.49,100,649.0
G-NetWiFi Pro,TOOLS,5.99,100,599.0
iScore5 AP Psych,FAMILY,4.99,100,499.0
AH Alarm Panel,TOOLS,4.99,100,499.0
California Cop Assist CA Cop,PRODUCTIVITY,4.99,100,499.0
Bitcoin BX Thailand PRO,FINANCE,4.99,100,499.0
TI-84 CE Graphing Calculator Manual TI 84,FAMILY,4.99,100,499.0
Dr. Splorchy Presents Space Heroes,GAME,4.99,100,499.0
Frequencies,TOOLS,0.99,500,495.0
pretty Easy privacy p‚â°p,COMMUNICATION,0.99,500,495.0
Antenna Tool Premium,TOOLS,0.99,500,495.0
"10,000 Quotes DB (Premium)",BOOKS_AND_REFERENCE,0.99,500,495.0
Nursing Care Plan NANDA Tables,MEDICAL,0.99,500,495.0
GO Contacts EX Black & Grey,PERSONALIZATION,0.99,500,495.0
DCUO|CR Calculator Pro,TOOLS,0.99,500,495.0
SharedCare‚Ñ¢ Co-parenting,PARENTING,4.59,100,459.0
DG Surveyor,BUSINESS,8.99,50,449.5
CT-REMOTE,GAME,4.49,100,449.0
BL IP-Camera,TOOLS,3.99,100,399.0
Anna.K Tarot,FAMILY,3.99,100,399.0
Hey AJ! It's Saturday!,BOOKS_AND_REFERENCE,3.99,100,399.0
CSCS BG (–≤ –±—ä–ª–≥–∞—Ä—Å–∫–∏),FAMILY,3.99,100,399.0
Droidbug BusyBox Advance PRO,TOOLS,3.99,100,399.0
G-Force Driving Assistant,SPORTS,3.88,100,388.0
Jetting for Honda CR dirt bike,SPORTS,3.49,100,349.0
O'Route Orienteering,SPORTS,3.02,100,302.0
AP Art History Flashcards,FAMILY,29.99,10,299.9
Phonics Puzzles,FAMILY,2.99,100,299.0
Super Hearing Secret Voices Recorder PRO,MEDICAL,2.99,100,299.0
Pain Tracker & Diary,MEDICAL,2.99,100,299.0
Ramfer - CNC Lathe G-code Tool,PRODUCTIVITY,2.99,100,299.0
Asiimov Skin - CS GO Icon Pack,PERSONALIZATION,2.49,100,249.00000000000003
Shopping List S PRO,SHOPPING,2.49,100,249.00000000000003
USMLE Step 2 CK Flashcards,FAMILY,19.99,10,199.89999999999998
ADS-B Driver,TOOLS,1.99,100,199.0
Galaxian(FC),GAME,1.99,100,199.0
SCI-FI UI,FAMILY,1.99,100,199.0
Morse Player,FAMILY,1.99,100,199.0
Android P | Xperia‚Ñ¢ Theme 4800+ icons,PERSONALIZATION,1.99,100,199.0
Chess of Blades (BL/Yaoi Game) (No VA),FAMILY,14.99,10,149.9
EG Classroom Decimals‚Ñ¢,FAMILY,2.99,50,149.5
Real Sheet ‚àû: Pathfinder + DT,FAMILY,2.99,50,149.5
Scale Models DB,TOOLS,2.99,50,149.5
Theme Android P for LG G7 & V35,PERSONALIZATION,1.49,100,149.0
CW Beacon for Ham Radio,COMMUNICATION,1.49,100,149.0
Theme Android P Black for LG G7 & V35,PERSONALIZATION,1.49,100,149.0
10 WPM Amateur ham radio CW Morse code trainer,COMMUNICATION,1.49,100,149.0
2 Amateur ham radio CW Morse code practice keys TX,COMMUNICATION,1.49,100,149.0
20WPM Amateur ham radio Koch CW Morse code trainer,COMMUNICATION,1.49,100,149.0
Q Avatar Pro,FAMILY,1.49,100,149.0
Volume Control Ex,TOOLS,1.49,100,149.0
Theme Android P Black design for LG V30,PERSONALIZATION,1.49,100,149.0
RETRO Shocked DW-6000,PERSONALIZATION,1.49,100,149.0
Santa's Monster Shootout DX,GAME,1.99,50,99.5
Ice Crush 10.000 B.C.,FAMILY,0.99,100,99.0
All-in-One Mahjong 3,FAMILY,0.99,100,99.0
FO Bixby,PERSONALIZATION,0.99,100,99.0
An Elite Warrior Ex,GAME,0.99,100,99.0
World Racers family board game,FAMILY,0.99,100,99.0
Watch Face Swiss AJ-6,PERSONALIZATION,0.99,100,99.0
CA Speakers,LIFESTYLE,0.99,100,99.0
CB Frequencies,TOOLS,0.99,100,99.0
OMEGA Black UI Theme - CM 12+,PERSONALIZATION,0.99,100,99.0
F*ck This Game,GAME,0.99,100,99.0
Android P Style Icon Pack,PERSONALIZATION,0.99,100,99.0
Dress Up RagazzA13 DX,FAMILY,0.99,100,99.0
Neon-R (Red),PERSONALIZATION,0.99,100,99.0
CW Studio ¬Æ,COMMUNICATION,0.99,100,99.0
P-Home for KLWP,PERSONALIZATION,0.99,100,99.0
[Sub/EMUI] P Pro - EMUI 8.1/8.0/5.X Theme,PERSONALIZATION,0.99,100,99.0
B-52 Spirits of Glory Deluxe,GAME,0.99,100,99.0
Q-slope,TOOLS,1.76,50,88.0
BC MVA Fines,BOOKS_AND_REFERENCE,1.75,50,87.5
Unstoppaball DX,FAMILY,1.49,50,74.5
Truck Driving Test Class 3 BC,FAMILY,1.49,50,74.5
Hey AJ! It's Bedtime!,FAMILY,4.99,10,49.900000000000006
meStudying: AP English Lit,FAMILY,4.99,10,49.900000000000006
PhotoFrame for Synology DS,PHOTOGRAPHY,4.99,10,49.900000000000006
Interactive NPC DM Tool,FAMILY,0.99,50,49.5
AJ Gray Icon Pack,PERSONALIZATION,0.99,50,49.5
AJ Blue Icon Pack,PERSONALIZATION,0.99,50,49.5
Circle Colors Pack-FN Theme,PERSONALIZATION,0.99,50,49.5
DX Glow - Clock Widget,PERSONALIZATION,0.99,50,49.5
LC-DB,PHOTOGRAPHY,3.49,10,34.900000000000006
AC DC Power Monitor,LIFESTYLE,3.04,10,30.4
"ap,wifi testing,iperf,ping,android,Bluetooth,tcp",TOOLS,2.99,10,29.900000000000002
Speech Therapy: F,FAMILY,2.99,10,29.900000000000002
The DG Buddy,BUSINESS,2.49,10,24.900000000000002
30WPM Amateur ham radio Koch CW Morse code trainer,FAMILY,1.49,10,14.9
AJ Gray Dark Icon Pack,PERSONALIZATION,0.99,10,9.9
211:CK,GAME,0.99,10,9.9
Easy Hotspot Ad Free,TOOLS,0.99,10,9.9
CI 174 Gray Icon Pack,PERSONALIZATION,0.99,10,9.9
DL Image Manager,PRODUCTIVITY,0.99,10,9.9
Chronolink DX,FAMILY,0.99,10,9.9
Ra Ga Ba,GAME,1.49,1,1.49
Mu.F.O.,GAME,0.99,1,0.99
